{
  "Lobby": {
    "sounds": [
      "Lobby"
    ]
  },
  "NumaNuma": {
    "sounds": [
      "NumaNuma"
    ]
  },
  "Piano": {
    "sounds": [
      "Piano"
    ]
  },
  "IPhone": {
    "sounds": [
      "IPhone"
    ]
  },
  "NyanCat": {
    "sounds": [
      "NyanCat"
    ]
  },
  "AfterSchoolSpecial": {
    "sounds": [
      "AfterSchoolSpecial"
    ]
  },
  "WindowsXP": {
    "sounds": [
      "WindowsXP"
    ]
  },
  "WindMill": {
    "sounds": [
      "WindMill"
    ]
  }
  "badapple": {
    "sounds": [
      "badapple"
    ]
  }
  "cirno": {
    "sounds": [
      "cirno"
    ]
  }
}